First Name;Last Name;Initials;Full Name;User Name
Rune;Geertsen;RG;Rune Geertsen;Ruge
Sofie;Ruus;SR;Sofie Ruus;Soru
Nicolas;Hedrich;NH;Nicolas Hedrich;Nihe
Allan;Hansen;AH;Allan Hansen;Alha
Sebastian;Nielsen;SN;Sebastian Nielsen;Seni
